nome,telefone,idade,cidade,email
Pedro Santos,+55 92366-7914,41,Salvador,pedro.santos0@outlook.com
Bruno Rodrigues,+55 92356-8224,60,Recife,bruno.rodrigues1@outlook.com
Rafael Lima,+55 98345-6107,22,Rio de Janeiro,rafael.lima2@gmail.com
Rafael Lima,+55 96596-6083,58,Salvador,rafael.lima3@gmail.com
Lucas Oliveira,+55 91908-4233,58,Rio de Janeiro,lucas.oliveira4@hotmail.com
Juliana Gomes,+55 95614-6010,38,São Paulo,juliana.gomes5@gmail.com
Lucas Oliveira,+55 97245-4192,24,Fortaleza,lucas.oliveira6@gmail.com
Carla Pereira,+55 95517-1528,51,Salvador,carla.pereira7@hotmail.com
Rafael Lima,+55 99574-8040,37,Salvador,rafael.lima8@outlook.com
Juliana Gomes,+55 96590-3588,46,Salvador,juliana.gomes9@gmail.com
João Silva,+55 98957-4626,31,Recife,joão.silva10@hotmail.com
Ana Costa,+55 93574-1445,36,Recife,ana.costa11@outlook.com
Carla Pereira,+55 98514-7394,29,Fortaleza,carla.pereira12@hotmail.com
Pedro Santos,+55 95176-1464,38,Recife,pedro.santos13@outlook.com
Rafael Lima,+55 93002-2598,48,Fortaleza,rafael.lima14@outlook.com
Bruno Rodrigues,+55 99029-2938,52,São Paulo,bruno.rodrigues15@gmail.com
Pedro Santos,+55 93393-8557,52,Fortaleza,pedro.santos16@gmail.com
Lucas Oliveira,+55 97292-6657,55,Recife,lucas.oliveira17@hotmail.com
Pedro Santos,+55 94139-4642,56,Rio de Janeiro,pedro.santos18@outlook.com
Bruno Rodrigues,+55 96925-6955,28,Rio de Janeiro,bruno.rodrigues19@gmail.com
Maria Souza,+55 95333-5216,35,Fortaleza,maria.souza20@hotmail.com
Pedro Santos,+55 94189-2743,27,Fortaleza,pedro.santos21@outlook.com
Pedro Santos,+55 91542-8689,42,Rio de Janeiro,pedro.santos22@gmail.com
Rafael Lima,+55 93027-8138,35,São Paulo,rafael.lima23@hotmail.com
Bruno Rodrigues,+55 96118-6423,44,Fortaleza,bruno.rodrigues24@outlook.com
Pedro Santos,+55 92788-1677,18,Salvador,pedro.santos25@hotmail.com
Lucas Oliveira,+55 95243-2570,53,Recife,lucas.oliveira26@gmail.com
Lucas Oliveira,+55 93821-6312,19,Fortaleza,lucas.oliveira27@hotmail.com
Ana Costa,+55 94236-4991,28,Recife,ana.costa28@outlook.com
Juliana Gomes,+55 99798-5971,36,Salvador,juliana.gomes29@hotmail.com
Rafael Lima,+55 91546-9409,49,Fortaleza,rafael.lima30@outlook.com
Juliana Gomes,+55 92219-9227,56,Fortaleza,juliana.gomes31@gmail.com
Carla Pereira,+55 96997-6332,58,Fortaleza,carla.pereira32@gmail.com
Ana Costa,+55 98872-2771,39,São Paulo,ana.costa33@outlook.com
Juliana Gomes,+55 97147-2729,59,Rio de Janeiro,juliana.gomes34@gmail.com
Pedro Santos,+55 99929-9292,59,Salvador,pedro.santos35@hotmail.com
Ana Costa,+55 95453-1830,22,Recife,ana.costa36@gmail.com
Bruno Rodrigues,+55 96497-2708,42,Recife,bruno.rodrigues37@outlook.com
Maria Souza,+55 94712-5454,53,Salvador,maria.souza38@hotmail.com
Lucas Oliveira,+55 98278-9088,31,Rio de Janeiro,lucas.oliveira39@gmail.com
Juliana Gomes,+55 98497-3478,34,Salvador,juliana.gomes40@outlook.com
João Silva,+55 95413-3172,24,Rio de Janeiro,joão.silva41@hotmail.com
Fernanda Alves,+55 96427-4767,19,Salvador,fernanda.alves42@outlook.com
Pedro Santos,+55 97101-9635,39,Salvador,pedro.santos43@hotmail.com
Lucas Oliveira,+55 99684-2373,28,São Paulo,lucas.oliveira44@outlook.com
Ana Costa,+55 98879-5283,46,Rio de Janeiro,ana.costa45@hotmail.com
Rafael Lima,+55 94165-9105,26,Recife,rafael.lima46@outlook.com
Juliana Gomes,+55 97552-3970,29,Salvador,juliana.gomes47@hotmail.com
Juliana Gomes,+55 99936-1080,56,Fortaleza,juliana.gomes48@hotmail.com
Lucas Oliveira,+55 98804-9164,44,Fortaleza,lucas.oliveira49@hotmail.com
Carla Pereira,+55 97868-4908,28,Rio de Janeiro,carla.pereira50@hotmail.com
João Silva,+55 95294-7728,43,Salvador,joão.silva51@outlook.com
Maria Souza,+55 96736-8711,27,Salvador,maria.souza52@outlook.com
Rafael Lima,+55 91871-3591,24,Salvador,rafael.lima53@outlook.com
Fernanda Alves,+55 93336-2177,47,Fortaleza,fernanda.alves54@outlook.com
Pedro Santos,+55 99091-8148,37,Salvador,pedro.santos55@outlook.com
Carla Pereira,+55 97231-3537,49,São Paulo,carla.pereira56@gmail.com
Carla Pereira,+55 91981-8197,44,Salvador,carla.pereira57@outlook.com
Bruno Rodrigues,+55 99537-5394,38,São Paulo,bruno.rodrigues58@hotmail.com
Pedro Santos,+55 91655-7561,32,Rio de Janeiro,pedro.santos59@gmail.com
Bruno Rodrigues,+55 96791-8390,56,Recife,bruno.rodrigues60@outlook.com
Fernanda Alves,+55 94136-6003,47,Fortaleza,fernanda.alves61@outlook.com
Bruno Rodrigues,+55 94423-9322,36,Fortaleza,bruno.rodrigues62@hotmail.com
Maria Souza,+55 94066-7876,37,Fortaleza,maria.souza63@hotmail.com
Rafael Lima,+55 93719-7299,26,Recife,rafael.lima64@outlook.com
Rafael Lima,+55 95605-4217,34,São Paulo,rafael.lima65@outlook.com
Fernanda Alves,+55 96554-3659,23,Fortaleza,fernanda.alves66@gmail.com
Ana Costa,+55 98209-4655,30,Rio de Janeiro,ana.costa67@gmail.com
Maria Souza,+55 94343-9094,53,Fortaleza,maria.souza68@outlook.com
Carla Pereira,+55 95898-4670,20,Recife,carla.pereira69@outlook.com
Rafael Lima,+55 98737-6409,29,São Paulo,rafael.lima70@gmail.com
Carla Pereira,+55 94291-9989,31,Rio de Janeiro,carla.pereira71@gmail.com
Juliana Gomes,+55 97737-8483,24,Recife,juliana.gomes72@hotmail.com
Bruno Rodrigues,+55 97754-5674,48,Salvador,bruno.rodrigues73@outlook.com
Maria Souza,+55 99171-4258,53,São Paulo,maria.souza74@gmail.com
Maria Souza,+55 96245-3087,32,São Paulo,maria.souza75@hotmail.com
Rafael Lima,+55 92942-3356,31,Salvador,rafael.lima76@gmail.com
Maria Souza,+55 96001-3466,58,Recife,maria.souza77@hotmail.com
Carla Pereira,+55 97229-4180,57,Recife,carla.pereira78@outlook.com
Lucas Oliveira,+55 99799-5195,22,São Paulo,lucas.oliveira79@outlook.com
Bruno Rodrigues,+55 98926-2872,28,Recife,bruno.rodrigues80@hotmail.com
Rafael Lima,+55 95548-3993,31,Recife,rafael.lima81@outlook.com
Pedro Santos,+55 91760-6772,36,Salvador,pedro.santos82@gmail.com
João Silva,+55 91541-3652,21,São Paulo,joão.silva83@outlook.com
Lucas Oliveira,+55 94141-3032,58,Fortaleza,lucas.oliveira84@hotmail.com
Fernanda Alves,+55 98613-3359,19,Recife,fernanda.alves85@outlook.com
Maria Souza,+55 96230-8420,30,Recife,maria.souza86@outlook.com
Ana Costa,+55 99726-2547,24,Salvador,ana.costa87@gmail.com
Carla Pereira,+55 91730-4722,57,São Paulo,carla.pereira88@hotmail.com
Maria Souza,+55 98822-1929,37,Rio de Janeiro,maria.souza89@outlook.com
Ana Costa,+55 91711-7252,47,Rio de Janeiro,ana.costa90@gmail.com
Maria Souza,+55 97026-2798,48,Rio de Janeiro,maria.souza91@outlook.com
Carla Pereira,+55 94064-2569,45,Salvador,carla.pereira92@outlook.com
Rafael Lima,+55 99906-5205,22,São Paulo,rafael.lima93@gmail.com
Bruno Rodrigues,+55 96433-4516,60,Recife,bruno.rodrigues94@outlook.com
Maria Souza,+55 94981-7873,28,Fortaleza,maria.souza95@outlook.com
Ana Costa,+55 91729-6326,33,Recife,ana.costa96@gmail.com
João Silva,+55 91507-2308,24,Recife,joão.silva97@outlook.com
Carla Pereira,+55 97468-1799,55,Recife,carla.pereira98@outlook.com
Juliana Gomes,+55 94289-8458,57,São Paulo,juliana.gomes99@outlook.com
Bruno Rodrigues,+55 96623-7702,34,Rio de Janeiro,bruno.rodrigues100@outlook.com
Bruno Rodrigues,+55 97310-4300,18,São Paulo,bruno.rodrigues101@gmail.com
Rafael Lima,+55 92420-6856,41,Recife,rafael.lima102@hotmail.com
Pedro Santos,+55 92992-6126,30,São Paulo,pedro.santos103@hotmail.com
Fernanda Alves,+55 93819-3543,20,Salvador,fernanda.alves104@gmail.com
Pedro Santos,+55 91355-7649,59,Fortaleza,pedro.santos105@outlook.com
João Silva,+55 98040-3047,58,São Paulo,joão.silva106@gmail.com
Juliana Gomes,+55 94314-6606,20,São Paulo,juliana.gomes107@gmail.com
Fernanda Alves,+55 98873-5931,32,São Paulo,fernanda.alves108@outlook.com
Bruno Rodrigues,+55 93460-8559,42,Fortaleza,bruno.rodrigues109@hotmail.com
João Silva,+55 96626-8675,45,São Paulo,joão.silva110@gmail.com
Bruno Rodrigues,+55 93659-7571,36,Rio de Janeiro,bruno.rodrigues111@hotmail.com
João Silva,+55 98154-4823,54,Fortaleza,joão.silva112@hotmail.com
Pedro Santos,+55 95589-7027,50,Rio de Janeiro,pedro.santos113@gmail.com
Carla Pereira,+55 97756-3127,44,São Paulo,carla.pereira114@outlook.com
Bruno Rodrigues,+55 94978-4820,24,Salvador,bruno.rodrigues115@gmail.com
Carla Pereira,+55 92801-6288,46,Salvador,carla.pereira116@hotmail.com
Ana Costa,+55 91623-6147,46,Salvador,ana.costa117@gmail.com
Ana Costa,+55 98778-7572,45,Fortaleza,ana.costa118@hotmail.com
Ana Costa,+55 94453-7318,31,Rio de Janeiro,ana.costa119@outlook.com
Rafael Lima,+55 96189-7399,46,Fortaleza,rafael.lima120@hotmail.com
Ana Costa,+55 91197-8608,34,São Paulo,ana.costa121@hotmail.com
Carla Pereira,+55 98158-3164,21,Rio de Janeiro,carla.pereira122@hotmail.com
Juliana Gomes,+55 95133-2026,27,Fortaleza,juliana.gomes123@outlook.com
Bruno Rodrigues,+55 93000-6645,29,Rio de Janeiro,bruno.rodrigues124@gmail.com
Pedro Santos,+55 94577-5895,47,Fortaleza,pedro.santos125@outlook.com
Ana Costa,+55 91601-1229,53,Salvador,ana.costa126@hotmail.com
Bruno Rodrigues,+55 91662-4552,33,Rio de Janeiro,bruno.rodrigues127@hotmail.com
Lucas Oliveira,+55 93999-2619,31,Fortaleza,lucas.oliveira128@hotmail.com
Fernanda Alves,+55 99382-3053,51,Recife,fernanda.alves129@outlook.com
Pedro Santos,+55 96688-4274,37,Rio de Janeiro,pedro.santos130@hotmail.com
Bruno Rodrigues,+55 99872-8519,59,Fortaleza,bruno.rodrigues131@gmail.com
João Silva,+55 95374-8665,55,São Paulo,joão.silva132@hotmail.com
Rafael Lima,+55 98260-6949,43,São Paulo,rafael.lima133@outlook.com
Bruno Rodrigues,+55 98631-9293,53,Rio de Janeiro,bruno.rodrigues134@gmail.com
Ana Costa,+55 97575-6588,40,Fortaleza,ana.costa135@hotmail.com
Bruno Rodrigues,+55 98968-1224,45,Salvador,bruno.rodrigues136@gmail.com
Rafael Lima,+55 97728-7693,45,São Paulo,rafael.lima137@outlook.com
Fernanda Alves,+55 97795-7787,40,Rio de Janeiro,fernanda.alves138@gmail.com
Carla Pereira,+55 95500-7842,40,Rio de Janeiro,carla.pereira139@gmail.com
Juliana Gomes,+55 94958-2096,56,Salvador,juliana.gomes140@gmail.com
João Silva,+55 91956-3379,42,São Paulo,joão.silva141@outlook.com
Carla Pereira,+55 96624-9814,25,Recife,carla.pereira142@gmail.com
Bruno Rodrigues,+55 92360-1383,41,Rio de Janeiro,bruno.rodrigues143@hotmail.com
Ana Costa,+55 93428-5056,46,Recife,ana.costa144@hotmail.com
Pedro Santos,+55 94716-7065,23,Recife,pedro.santos145@outlook.com
Juliana Gomes,+55 97214-8454,22,Fortaleza,juliana.gomes146@gmail.com
Carla Pereira,+55 96683-2740,33,Salvador,carla.pereira147@outlook.com
Pedro Santos,+55 95838-1687,23,São Paulo,pedro.santos148@hotmail.com
Maria Souza,+55 96564-2047,38,São Paulo,maria.souza149@hotmail.com
Pedro Santos,+55 98502-3873,29,São Paulo,pedro.santos150@outlook.com
João Silva,+55 97181-8674,29,Recife,joão.silva151@outlook.com
Fernanda Alves,+55 95378-2607,52,Fortaleza,fernanda.alves152@hotmail.com
Juliana Gomes,+55 91394-7810,21,Salvador,juliana.gomes153@outlook.com
Ana Costa,+55 94236-9344,25,São Paulo,ana.costa154@outlook.com
Juliana Gomes,+55 97306-3124,29,Salvador,juliana.gomes155@gmail.com
Juliana Gomes,+55 95567-3947,20,Salvador,juliana.gomes156@outlook.com
Juliana Gomes,+55 98513-4771,32,Fortaleza,juliana.gomes157@hotmail.com
Juliana Gomes,+55 95842-3605,42,Rio de Janeiro,juliana.gomes158@gmail.com
Bruno Rodrigues,+55 96424-1642,23,Fortaleza,bruno.rodrigues159@outlook.com
Rafael Lima,+55 91099-7293,41,Recife,rafael.lima160@gmail.com
João Silva,+55 99792-6929,22,Rio de Janeiro,joão.silva161@outlook.com
Pedro Santos,+55 95918-4815,28,Salvador,pedro.santos162@gmail.com
Rafael Lima,+55 98022-3137,29,Rio de Janeiro,rafael.lima163@hotmail.com
Fernanda Alves,+55 94804-1639,46,Rio de Janeiro,fernanda.alves164@hotmail.com
Ana Costa,+55 95419-2482,18,Salvador,ana.costa165@gmail.com
Bruno Rodrigues,+55 92444-6093,38,Recife,bruno.rodrigues166@gmail.com
Rafael Lima,+55 91530-3045,49,São Paulo,rafael.lima167@outlook.com
Lucas Oliveira,+55 91976-4820,46,Salvador,lucas.oliveira168@gmail.com
Fernanda Alves,+55 94844-5116,20,Rio de Janeiro,fernanda.alves169@gmail.com
Lucas Oliveira,+55 98890-7385,43,Fortaleza,lucas.oliveira170@outlook.com
Maria Souza,+55 95198-5378,55,Salvador,maria.souza171@gmail.com
Juliana Gomes,+55 96241-1008,47,Recife,juliana.gomes172@hotmail.com
Bruno Rodrigues,+55 98875-6984,52,Salvador,bruno.rodrigues173@outlook.com
Bruno Rodrigues,+55 99410-4978,19,Salvador,bruno.rodrigues174@outlook.com
Rafael Lima,+55 96411-4894,58,Rio de Janeiro,rafael.lima175@outlook.com
Bruno Rodrigues,+55 92377-1456,54,São Paulo,bruno.rodrigues176@gmail.com
Ana Costa,+55 96787-5607,30,Rio de Janeiro,ana.costa177@gmail.com
Maria Souza,+55 99843-2819,32,Salvador,maria.souza178@hotmail.com
Carla Pereira,+55 96402-9027,28,São Paulo,carla.pereira179@hotmail.com
João Silva,+55 96105-1976,23,Rio de Janeiro,joão.silva180@gmail.com
Maria Souza,+55 91893-9336,26,Fortaleza,maria.souza181@gmail.com
Carla Pereira,+55 98699-9861,40,Recife,carla.pereira182@gmail.com
Carla Pereira,+55 97479-5488,32,Rio de Janeiro,carla.pereira183@hotmail.com
Fernanda Alves,+55 98618-3745,56,São Paulo,fernanda.alves184@outlook.com
Fernanda Alves,+55 97888-9678,19,Salvador,fernanda.alves185@outlook.com
João Silva,+55 99925-2750,48,Salvador,joão.silva186@outlook.com
Bruno Rodrigues,+55 98073-9208,39,Recife,bruno.rodrigues187@hotmail.com
Bruno Rodrigues,+55 92823-5686,20,Recife,bruno.rodrigues188@gmail.com
Ana Costa,+55 97455-9311,20,São Paulo,ana.costa189@outlook.com
Carla Pereira,+55 91095-6925,52,Recife,carla.pereira190@hotmail.com
Maria Souza,+55 96698-1802,30,São Paulo,maria.souza191@hotmail.com
Rafael Lima,+55 92015-5609,48,Recife,rafael.lima192@gmail.com
Carla Pereira,+55 97836-6781,39,São Paulo,carla.pereira193@outlook.com
Carla Pereira,+55 97253-6331,59,Recife,carla.pereira194@hotmail.com
Rafael Lima,+55 95768-8494,41,Fortaleza,rafael.lima195@outlook.com
Pedro Santos,+55 98352-7141,36,São Paulo,pedro.santos196@outlook.com
Ana Costa,+55 98812-9569,49,Salvador,ana.costa197@gmail.com
Maria Souza,+55 94895-2037,32,Salvador,maria.souza198@outlook.com
Carla Pereira,+55 98280-5216,35,Salvador,carla.pereira199@outlook.com
